[
   {
      "DecimalSeparator":".",
      "GroupSeparator":",",
      "GroupSizes":[ 3 ]
   },
   {
      "DecimalSeparator":",",
      "GroupSeparator":".",
      "GroupSizes":[ 3 ]
   },
   {
      "DecimalSeparator":",",
      "GroupSeparator":" ",
      "GroupSizes":[ 3 ]
   },
   {
      "DecimalSeparator":".",
      "GroupSeparator":",",
      "GroupSizes":[ 3, 2 ]
   },
   {
      "DecimalSeparator":"/",
      "GroupSeparator":",",
      "GroupSizes":[ 3 ]
   },
   {
      "DecimalSeparator":".",
      "GroupSeparator":",",
      "GroupSizes":[ 3, 0 ]
   }
]